label,precision,recall,f1-score,support
ATT+,1.0,0.3076923076923077,0.47058823529411764,26.0
CO,0.49458483754512633,0.8954248366013072,0.6372093023255814,153.0
IP,1.0,0.07692307692307693,0.14285714285714288,26.0
NRC,0.6578947368421053,0.5067567567567568,0.5725190839694657,148.0
PSR,1.0,0.02040816326530612,0.039999999999999994,49.0
avg / total,0.8304959148774463,0.361441028247751,0.37263475288926157,402.0
