type,perc
1,0.4219269102990033
2,0.2691029900332226
3,0.1760797342192691
4,0.07641196013289037
5,0.036544850498338874
6,0.013289036544850499
7,0.006644518272425249
